id;label
127323;1
55364;1
135620;1
3133;1
128511;1
127866;1
55421;1
138603;1
137206;1
138104;1
61050;1
46392;1
136874;1
55127;1
128371;1
42782;1
129745;1
140670;1
131094;1
54195;1
127927;1
131604;1
142215;1
129010;1
145173;1
140475;1
125620;1
131023;1
61988;1
53528;1
135046;1
133158;1
130560;1
61061;1
126622;1
137326;1
142413;1
2965;1
132628;1
142444;1
143218;1
134909;1
135549;1
129443;1
135971;1
138942;1
134600;1
140386;1
137379;1
3164;1
135680;1
139260;1
55480;1
138160;1
139355;1
137010;1
131566;1
141634;1
130929;1
44988;1
129612;1
129338;1
140769;1
137232;1
125421;1
140056;1
142298;1
134516;1
132103;1
126014;1
139388;1
142755;1
135750;1
139842;1
48855;1
132520;1
132719;1
134857;1
43557;1
137787;1
3066;1
136311;1
136177;1
44454;1
127926;1
140221;1
57583;1
970;1
51192;1
48539;1
54209;1
132747;1
54931;1
133530;1
54135;1
45152;1
141723;1
140515;1
46043;1
136165;1
50729;1
42689;1
773;1
126439;1
126958;1
129949;1
57853;1
136469;1
125484;1
132315;1
136328;1
50037;1
43819;1
133652;1
51756;1
42458;1
49221;1
129916;1
138516;1
59333;1
127848;1
43068;1
50769;1
125415;1
51271;1
128510;1
137526;1
1469;1
58897;1
56227;1
133979;1
129604;1
44962;1
127968;1
1219;1
55681;1
43922;1
54691;1
135801;1
130304;1
138621;1
48691;1
54979;1
135756;1
57604;1
141105;1
127634;1
47452;1
131270;1
136767;1
2988;1
125068;1
135022;1
127481;1
136849;1
51639;1
2955;1
127590;1
132764;1
52795;1
61921;1
1624;1
139150;1
51293;1
45348;1
61502;1
136833;1
129164;1
49736;1
57731;1
139367;1
996;1
139226;1
52522;1
134459;1
1275;1
60854;1
128301;1
60723;1
45525;1
127472;1
50789;1
132616;1
141664;1
132835;1
130092;1
128980;1
50535;1
132887;1
134670;1
130123;1
136132;1
133495;1
142473;1
132120;1
135354;1
126542;1
141329;1
130994;1
140252;1
129842;1
133953;1
125501;1
138455;1
125011;1
127438;1
139197;1
50096;1
148152;1
138201;1
141899;1
3180;1
128963;1
132273;1
128137;1
45472;1
129549;1
142294;1
131873;1
133714;1
138734;1
126443;1
138586;1
140187;1
125034;1
128988;1
133002;1
132874;1
139083;1
136660;1
128396;1
135500;1
135453;1
134780;1
137496;1
57461;1
139469;1
54807;1
3263;1
49588;1
143240;1
125753;1
139194;1
55996;1
126028;1
42132;1
140954;1
126641;1
44488;1
48790;1
142458;1
141331;1
138441;1
141006;1
131526;1
136241;1
143182;1
131718;1
52998;1
133014;1
127042;1
135974;1
129900;1
132773;1
3136;1
137076;1
130778;1
60194;1
138771;1
807;1
129071;1
133633;1
139484;1
134691;1
42372;1
47678;1
48280;1
57652;1
133785;1
2986;1
127856;1
127587;1
133011;1
130254;1
126378;1
133498;1
127104;1
136868;1
143154;1
57189;1
130826;1
60518;1
2992;1
140172;1
128695;1
1393;1
139696;1
134305;1
125686;1
935;1
132344;1
141114;1
139845;1
60324;1
59750;1
47704;1
130664;1
125645;1
50918;1
130917;1
140075;1
138772;1
134399;1
125895;1
49312;1
136501;1
128491;1
56864;1
57840;1
51435;1
134096;1
48365;1
45766;1
58124;1
58960;1
132297;1
143041;1
132697;1
56053;1
132372;1
136551;1
61648;1
125919;1
53927;1
136949;1
56293;1
139437;1
135857;1
135329;1
134403;1
137547;1
130925;1
136939;1
129219;1
61095;1
129332;1
132224;1
53385;1
139352;1
128940;1
140220;1
61877;1
47131;1
57568;1
55016;1
45366;1
127419;1
126662;1
57063;1
138059;1
54499;1
51323;1
44543;1
141365;1
138700;1
142980;1
141667;1
142470;1
127213;1
51315;1
125973;1
141705;1
127357;1
47787;1
131549;1
142869;1
138151;1
135029;1
141784;1
136758;1
141776;1
57915;1
141798;1
125820;1
130908;1
130191;1
138689;1
139141;1
138111;1
142993;1
58777;1
141522;1
126597;1
151571;1
128235;1
133544;1
125972;1
126813;1
57713;1
46529;1
141539;1
142746;1
135650;1
135674;1
139858;1
128128;1
145328;1
126015;1
124832;1
131719;1
137156;1
57763;1
133304;1
43486;1
54893;1
125731;1
131437;1
129588;1
61593;1
129931;1
134196;1
143691;1
55743;1
128925;1
46176;1
131221;1
142285;1
57492;1
130684;1
50455;1
135058;1
128618;1
128572;1
126449;1
127921;1
139227;1
138509;1
129837;1
126064;1
138798;1
140176;1
49012;1
141140;1
141424;1
126155;1
136975;1
134872;1
142013;1
126830;1
140438;1
129319;1
133277;1
125679;1
125980;1
1515;1
143898;1
139523;1
55999;1
53564;1
129826;1
43737;1
127897;1
132687;1
129720;1
48198;1
53624;1
142743;1
128862;1
133297;1
125057;1
3051;1
138780;1
47497;1
59644;1
137071;1
139377;1
142779;1
124892;1
140526;1
137462;1
61377;1
128393;1
134134;1
128458;1
126870;1
46014;1
47868;1
129188;1
138884;1
125751;1
44525;1
136745;1
126851;1
59089;1
143426;1
131164;1
139870;1
60707;1
131629;1
129801;1
134283;1
141129;1
57877;1
61555;1
42109;1
133049;1
139819;1
140104;1
137268;1
140950;1
50288;1
57008;1
142118;1
128010;1
130699;1
135258;1
129374;1
134770;1
58210;1
129169;1
140653;1
132593;1
137858;1
58343;1
42696;1
140566;1
129137;1
53977;1
137201;1
134968;1
138501;1
132851;1
132047;1
57071;1
55684;1
54497;1
135749;1
134847;1
139860;1
142293;1
140274;1
1095;1
141852;1
55061;1
43725;1
133215;1
51900;1
142288;1
129685;1
46261;1
142809;1
126790;1
124900;1
46758;1
138931;1
140862;1
132274;1
55587;1
133918;1
2972;1
129594;1
150898;1
126135;1
56644;1
44757;1
57077;1
131903;1
135237;1
1622;1
138876;1
149915;1
107130;1
54011;1
51121;1
135590;1
135174;1
57150;1
57554;1
131517;1
56026;1
134321;1
131706;1
129084;1
134997;1
136577;1
58683;1
56716;1
142237;1
131354;1
139684;1
60740;1
139167;1
55652;1
55637;1
139188;1
130984;1
130069;1
45436;1
137008;1
150715;1
60379;1
140477;1
54884;1
135501;1
59717;1
3075;1
61917;1
136237;1
136449;1
55093;1
52225;1
127431;1
47768;1
130021;1
51682;1
140999;1
140676;1
140708;1
129388;1
53547;1
674;1
137406;1
144108;1
143227;1
127584;1
58668;1
135133;1
42454;1
140305;1
54798;1
129329;1
127178;1
59147;1
141689;1
129272;1
59960;1
48903;1
46486;1
143108;1
137575;1
43275;1
138014;1
148917;1
139913;1
138018;1
52767;1
145579;1
130440;1
138396;1
130626;1
61738;1
142981;1
132168;1
133456;1
55059;1
3015;1
3034;1
126962;1
133978;1
136790;1
126394;1
47871;1
140788;1
139283;1
132486;1
138993;1
141750;1
60147;1
132378;1
51307;1
912;1
47931;1
141430;1
142480;1
127245;1
130273;1
139242;1
121104;1
142033;1
61106;1
125627;1
136697;1
129147;1
142897;1
133386;1
150773;1
136704;1
130847;1
54541;1
49693;1
137770;1
136303;1
125844;1
136308;1
130227;1
139901;1
141144;1
51813;1
51697;1
128247;1
52693;1
140079;1
132914;1
44745;1
134135;1
42573;1
127729;1
126037;1
56503;1
45670;1
53527;1
126166;1
139834;1
130439;1
127047;1
142965;1
125200;1
128726;1
140090;1
126079;1
61016;1
135328;1
150186;1
1268;1
53705;1
140167;1
772;1
140640;1
136026;1
45797;1
60005;1
137766;1
129933;1
137032;1
126139;1
126814;1
126972;1
126803;1
139811;1
129666;1
54250;1
3120;1
45504;1
45540;1
138193;1
60527;1
53862;1
134530;1
142519;1
56417;1
137137;1
139130;1
132666;1
132613;1
134164;1
135946;1
46403;1
42694;1
59473;1
57486;1
143139;1
60409;1
140171;1
142723;1
139410;1
126926;1
135112;1
45449;1
145343;1
46470;1
53546;1
100808;1
124821;1
138527;1
133783;1
126400;1
125536;1
141036;1
43666;1
142112;1
61122;1
60149;1
48771;1
44162;1
141451;1
53416;1
57902;1
140181;1
43572;1
53812;1
58393;1
49416;1
126295;1
129261;1
52144;1
140199;1
133350;1
61463;1
130814;1
137396;1
43959;1
141609;1
56117;1
61872;1
54612;1
61454;1
133735;1
144522;1
140505;1
148644;1
140974;1
142091;1
53121;1
43863;1
127933;1
133603;1
146714;1
131287;1
126779;1
54531;1
49905;1
141079;1
50270;1
136103;1
136134;1
56091;1
53486;1
127154;1
53741;1
52350;1
131513;1
129433;1
58281;1
130389;1
139024;1
132333;1
138894;1
56238;1
47453;1
125521;1
57523;1
130106;1
126797;1
150260;1
128541;1
62019;1
43178;1
128852;1
60585;1
141169;1
148989;1
45346;1
135788;1
139562;1
128453;1
127441;1
126128;1
128054;1
46034;1
151625;1
60491;1
129530;1
135726;1
129095;1
135538;1
150008;1
132200;1
133026;1
133462;1
142218;1
143274;1
50982;1
53009;1
128217;1
47168;1
131880;1
135436;1
42277;1
133809;1
52823;1
51625;1
137788;1
128287;1
1066;1
57339;1
131855;1
127664;1
46688;1
137036;1
61242;1
136709;1
135668;1
50374;1
1535;1
50140;1
923;1
138279;1
133897;1
52181;1
140250;1
138924;1
62004;1
134904;1
128339;1
49935;1
141867;1
131584;1
1299;1
136818;1
132362;1
60508;1
138386;1
132517;1
139643;1
140674;1
126110;1
1005;1
140647;1
46192;1
56550;1
134059;1
133086;1
51010;1
129005;1
126017;1
124947;1
141462;1
54530;1
130844;1
1044;1
55734;1
60942;1
139106;1
49793;1
128682;1
60072;1
59050;1
3098;1
60694;1
124890;1
50576;1
48497;1
47869;1
127163;1
56252;1
53680;1
132406;1
130864;1
60109;1
136987;1
145329;1
140646;1
131438;1
3151;1
52970;1
128096;1
131322;1
57009;1
53408;1
135654;1
133944;1
124822;1
126232;1
1613;1
141877;1
52639;1
44819;1
126067;1
142704;1
60607;1
126182;1
139145;1
46033;1
129145;1
58785;1
132778;1
52033;1
59459;1
1466;1
144782;1
126633;1
46931;1
101593;1
55219;1
128378;1
128656;1
3017;1
43017;1
44496;1
128508;1
54329;1
146956;1
48685;1
141628;1
3068;1
55824;1
132176;1
1262;1
127675;1
141767;1
2969;1
143580;1
127919;1
140042;1
134709;1
136594;1
142762;1
125118;1
139898;1
57093;1
60001;1
58185;1
128704;1
43185;1
56090;1
133232;1
60791;1
59839;1
44500;1
128439;1
57142;1
135504;1
137043;1
49251;1
124842;1
127782;1
53514;1
136533;1
59770;1
42651;1
45022;1
49467;1
57968;1
134634;1
141645;1
54872;1
42124;1
50448;1
893;1
127642;1
45450;1
135310;1
48748;1
136077;1
125815;1
140744;1
53150;1
141161;1
127217;1
3155;1
131348;1
55291;1
138581;1
144632;1
53621;1
129694;1
60418;1
142891;1
131745;1
51672;1
1396;1
149060;1
135911;1
53485;1
130472;1
139788;1
54849;1
53544;1
148850;1
134678;1
126288;1
51963;1
53278;1
59334;1
140077;1
43766;1
127401;1
1443;1
54874;1
49873;1
45387;1
147506;1
55839;1
136002;1
135928;1
130887;1
130587;1
54978;1
137551;1
125100;1
131518;1
51352;1
149065;1
126418;1
48109;1
47503;1
132895;1
663;1
139861;1
144249;1
945;1
135942;1
44781;1
49520;1
128354;1
128474;1
140960;1
45735;1
129478;1
137742;1
54662;1
145997;1
130706;1
53155;1
52924;1
131482;1
136557;1
48653;1
125671;1
126805;1
48351;1
52186;1
135537;1
54386;1
142172;1
137981;1
49050;1
48718;1
139419;1
129561;1
133526;1
53684;1
146266;1
151046;1
61523;1
61982;1
125493;1
137635;1
138292;1
140000;1
56352;1
48924;1
124864;1
125975;1
134898;1
135081;1
51287;1
59449;1
139286;1
136973;1
60727;1
140092;1
42731;1
44457;1
130204;1
127822;1
128854;1
48372;1
128321;1
56634;1
50796;1
137111;1
136046;1
44958;1
139053;1
125353;1
1000;1
61351;1
142246;1
130799;1
129216;1
57586;1
143708;1
49424;1
147579;1
128308;1
58537;1
137447;1
914;1
52257;1
55405;1
50424;1
50640;1
136500;1
147008;1
134924;1
142238;1
55118;1
94841;1
131366;1
137086;1
132473;1
149257;1
134873;1
43783;1
55516;1
52548;1
48291;1
140298;1
133030;1
59375;1
43059;1
134581;1
51248;1
51235;1
48236;1
144867;1
128134;1
127216;1
132368;1
133663;1
139212;1
51594;1
137910;1
46258;1
132139;1
133990;1
92472;1
138769;1
130772;1
58965;1
132732;1
131341;1
61743;1
140887;1
127780;1
138439;1
140169;1
136468;1
52709;1
137066;1
43881;1
51076;1
135270;1
129322;1
57164;1
125407;1
138905;1
61382;1
142239;1
130775;1
46269;1
54146;1
61859;1
146133;1
142007;1
128083;1
138088;1
44812;1
62067;1
59168;1
138494;1
148891;1
146092;1
127826;1
126925;1
1123;1
47935;1
150059;1
143192;1
3101;1
125735;1
128052;1
55979;1
127669;1
109629;1
135865;1
51837;1
44722;1
133873;1
60848;1
138091;1
3119;1
126988;1
54950;1
143481;1
53322;1
137803;1
49199;1
135196;1
3236;1
133478;1
61293;1
48092;1
60971;1
134333;1
141072;1
148460;1
134276;1
57187;1
126450;1
138568;1
138508;1
131088;1
133025;1
132183;1
139049;1
60238;1
134275;1
56857;1
139345;1
138482;1
131224;1
53696;1
126310;1
142725;1
124845;1
147710;1
54142;1
50642;1
127364;1
132617;1
139585;1
138322;1
126052;1
52993;1
59453;1
44140;1
143918;1
142849;1
140430;1
49760;1
131034;1
52589;1
150705;1
48345;1
140807;1
47719;1
149996;1
134491;1
129764;1
135684;1
126501;1
140841;1
3049;1
131817;1
56341;1
150901;1
148696;1
136206;1
131421;1
141999;1
129083;1
126392;1
1570;1
125500;1
149838;1
142679;1
128850;1
151588;1
47173;1
138152;1
56534;1
42838;1
127775;1
59022;1
135380;1
55808;1
137498;1
1680;1
140859;1
126321;1
138056;1
149494;1
141827;1
144413;1
141534;1
131863;1
136870;1
134343;1
54400;1
129127;1
149999;1
130736;1
142580;1
56358;1
135296;1
130770;1
56701;1
132800;1
132828;1
49189;1
52110;1
143215;1
49629;1
133036;1
50905;1
147212;1
137576;1
128338;1
148886;1
132716;1
146147;1
126204;1
127624;1
150474;1
141263;1
138661;1
142396;1
49259;1
954;1
48898;1
42628;1
131188;1
61534;1
143245;1
137481;1
58033;1
45440;1
42491;1
53239;1
128418;1
140869;1
47222;1
45032;1
62037;1
142407;1
61776;1
46664;1
54814;1
138794;1
147559;1
43361;1
134658;1
140823;1
131313;1
126520;1
147890;1
126097;1
44644;1
50538;1
44167;1
133811;1
130297;1
51259;1
48419;1
57821;1
43591;1
141653;1
141573;1
43258;1
137676;1
51045;1
46853;1
52933;1
133574;1
142113;1
134277;1
128747;1
133357;1
43164;1
140347;1
133133;1
59283;1
49575;1
51631;1
48441;1
51882;1
124979;1
53588;1
129395;1
134807;1
129233;1
136816;1
136858;1
137508;1
50257;1
61873;1
47571;1
129125;1
43287;1
143558;1
45530;1
53331;1
132769;1
817;1
150877;1
58475;1
132102;1
1161;1
56375;1
61326;1
129537;1
43002;1
1607;1
141303;1
54911;1
723;1
58163;1
43609;1
131644;1
56298;1
137832;1
58943;1
57354;1
58052;1
138862;1
136848;1
136633;1
56906;1
862;1
45903;1
135688;1
57619;1
45190;1
48353;1
126448;1
51999;1
50138;1
142328;1
133326;1
47895;1
130834;1
150814;1
56543;1
56353;1
59745;1
49422;1
144824;1
125269;1
140658;1
145347;1
131477;1
61060;1
133134;1
60937;1
138282;1
677;1
46995;1
61388;1
60768;1
125122;1
2967;1
47432;1
124935;1
46566;1
134335;1
141478;1
49647;1
61112;1
48720;1
142709;1
128444;1
56856;1
61797;1
138262;1
42411;1
46028;1
135814;1
127528;1
46737;1
137686;1
60477;1
52682;1
52127;1
60230;1
48052;1
56640;1
138663;1
62010;1
125126;1
127700;1
140597;1
57409;1
140484;1
55790;1
151518;1
1053;1
126763;1
52913;1
133070;1
142655;1
126284;1
127942;1
46969;1
54410;1
47988;1
131824;1
60933;1
142466;1
54487;1
54125;1
130581;1
48432;1
137295;1
51466;1
138379;1
130418;1
42070;1
47130;1
135471;1
1627;1
50156;1
46257;1
1334;1
44222;1
53790;1
45053;1
57666;1
44414;1
130869;1
46067;1
130251;1
133552;1
130296;1
44932;1
138235;1
57999;1
137349;1
141702;1
43544;1
52535;1
50740;1
57793;1
45481;1
136010;1
131764;1
139888;1
130728;1
60573;1
128261;1
140333;1
47201;1
129252;1
57284;1
141078;1
61353;1
58543;1
127247;1
48719;1
806;1
128601;1
53740;1
57214;1
56981;1
135881;1
56422;1
125740;1
61305;1
142769;1
60913;1
132414;1
50799;1
141853;1
56050;1
135751;1
56432;1
58125;1
47229;1
55264;1
133542;1
826;1
60658;1
59252;1
150712;1
143270;1
126572;1
45394;1
3115;1
53467;1
141802;1
46159;1
144025;1
59361;1
131524;1
147635;1
140808;1
145599;1
57431;1
49250;1
49351;1
131104;1
45667;1
128846;1
148698;1
140208;1
137442;1
1525;1
149974;1
58138;1
59426;1
128693;1
136024;1
57177;1
43516;1
135808;1
53378;1
43479;1
55020;1
55763;1
56793;1
47794;1
56037;1
1210;1
966;1
126167;1
128547;1
50676;1
148178;1
137474;1
129686;1
142249;1
142961;1
61778;1
52694;1
59590;1
138997;1
144315;1
149924;1
55737;1
44178;1
138694;1
43104;1
135307;1
54839;1
44760;1
128399;1
129857;1
44130;1
137807;1
55013;1
57760;1
50821;1
56597;1
126992;1
55387;1
60360;1
45736;1
58779;1
139617;1
51135;1
49426;1
1200;1
134183;1
45841;1
52688;1
134486;1
148499;1
60655;1
138709;1
131404;1
132898;1
136422;1
128991;1
53620;1
141388;1
126731;1
50524;1
51538;1
138332;1
50313;1
60300;1
59051;1
59461;1
127708;1
146153;1
129804;1
98547;1
950;1
1216;1
137633;1
150996;1
143072;1
132045;1
61461;1
50419;1
50781;1
2974;1
49008;1
56696;1
127436;1
128202;1
132015;1
141051;1
145407;1
49785;1
54784;1
144761;1
144933;1
142662;1
140666;1
60103;1
135282;1
141292;1
137515;1
138670;1
56766;1
124899;1
55320;1
130866;1
59901;1
132367;1
54596;1
137151;1
1233;1
57155;1
138830;1
149053;1
128967;1
45634;1
55997;1
59724;1
149591;1
42698;1
137589;1
141077;1
134337;1
51163;1
138824;1
61830;1
51502;1
131100;1
125547;1
100437;1
143150;1
1557;1
53222;1
43362;1
47660;1
49449;1
128767;1
42903;1
139285;1
43843;1
1501;1
130593;1
57109;1
1266;1
133503;1
56767;1
47091;1
129776;1
129062;1
128844;1
131199;1
52877;1
43537;1
56742;1
1545;1
136498;1
150083;1
147294;1
130237;1
140128;1
141740;1
135305;1
142358;1
142695;1
146706;1
1174;1
137961;1
141718;1
44266;1
46435;1
51862;1
1436;1
129271;1
139744;1
131039;1
129649;1
61609;1
134569;1
134739;1
140463;1
135397;1
59516;1
57383;1
142806;1
49504;1
143434;1
58174;1
130404;1
135250;1
138599;1
50042;1
60499;1
1222;1
139999;1
48193;1
60920;1
140204;1
52486;1
57388;1
49883;1
46017;1
136176;1
47609;1
132586;1
127169;1
56476;1
139113;1
48490;1
125072;1
58614;1
139818;1
54059;1
1068;1
134608;1
139269;1
1438;1
60211;1
130402;1
54600;1
143919;1
135352;1
132004;1
739;1
43331;1
137644;1
133258;1
1291;1
128740;1
59551;1
126020;1
128475;1
138850;1
128320;1
144314;1
133287;1
45051;1
125025;1
127445;1
136872;1
1656;1
149204;1
138574;1
49712;1
131370;1
135372;1
60125;1
1106;1
126428;1
46773;1
47860;1
50445;1
130521;1
130393;1
52677;1
146322;1
132033;1
144754;1
127271;1
130396;1
138192;1
141790;1
59083;1
44570;1
143284;1
58012;1
57341;1
56564;1
54061;1
49014;1
133493;1
141174;1
51022;1
130710;1
127650;1
140228;1
141806;1
136180;1
141315;1
139957;1
1669;1
151675;1
48373;1
3016;1
137775;1
52597;1
124976;1
139392;1
136974;1
143634;1
140796;1
635;1
135007;1
47826;1
135761;1
54589;1
995;1
141180;1
151104;1
58850;1
125650;1
132205;1
124995;1
55473;1
129547;1
42053;1
148337;1
138899;1
144099;1
43202;1
1655;1
126338;1
54775;1
49743;1
139862;1
51887;1
3057;1
132400;1
54981;1
134641;1
771;1
130784;1
132065;1
50510;1
60741;1
48617;1
52839;1
42244;1
138066;1
133210;1
141482;1
135374;1
47437;1
125588;1
130035;1
147636;1
51310;1
50458;1
130093;1
131974;1
151415;1
126644;1
145901;1
146119;1
61692;1
126939;1
129136;1
133278;1
136254;1
43818;1
139676;1
136367;1
128602;1
48241;1
145842;1
132807;1
44048;1
142452;1
141671;1
132574;1
1405;1
127841;1
136280;1
141360;1
60219;1
139011;1
142759;1
42100;1
42811;1
133442;1
43436;1
55251;1
49184;1
43648;1
128542;1
135159;1
124836;1
54350;1
43827;1
48286;1
133859;1
53493;1
137733;1
53757;1
61467;1
142417;1
45941;1
128440;1
128613;1
43975;1
126432;1
136661;1
47725;1
47073;1
146828;1
142579;1
126712;1
50008;1
133844;1
139296;1
132077;1
130231;1
135344;1
145849;1
136782;1
132860;1
56133;1
51006;1
145426;1
141277;1
151330;1
146124;1
145122;1
888;1
60039;1
132245;1
134974;1
47292;1
45459;1
127802;1
128049;1
132445;1
42697;1
132948;1
133599;1
50176;1
139031;1
133276;1
49010;1
140309;1
142385;1
140716;1
53455;1
151270;1
137332;1
48920;1
125865;1
56044;1
135211;1
60788;1
58367;1
58241;1
43325;1
128578;1
137721;1
132539;1
145795;1
137350;1
149459;1
137458;1
125752;1
133600;1
998;1
133425;1
125082;1
1453;1
142084;1
713;1
148004;1
130201;1
146824;1
150223;1
61048;1
128074;1
1092;1
47705;1
48573;1
145826;1
142321;1
143729;1
61285;1
57085;1
139856;1
124865;1
143118;1
137611;1
137463;1
58732;1
49183;1
668;1
46481;1
136276;1
946;1
130517;1
144826;1
49339;1
149979;1
146849;1
130212;1
56114;1
143837;1
125086;1
150515;1
55257;1
138645;1
150912;1
50998;1
55284;1
149781;1
59622;1
129396;1
132052;1
135319;1
54233;1
57668;1
59978;1
125419;1
133847;1
50454;1
47902;1
54756;1
139827;1
137021;1
43193;1
147653;1
143128;1
138733;1
48609;1
137385;1
52695;1
138071;1
125756;1
130165;1
58134;1
129813;1
44002;1
130850;1
42413;1
51440;1
130956;1
51046;1
48612;1
141227;1
52775;1
127311;1
47426;1
994;1
139203;1
139539;1
145183;1
48450;1
141990;1
133680;1
130286;1
136785;1
125765;1
50071;1
57939;1
61306;1
101986;1
141113;1
57007;1
134168;1
133821;1
136647;1
126768;1
125143;1
46630;1
44680;1
136170;1
57115;1
136321;1
124986;1
127028;1
48735;1
51371;1
127653;1
105765;1
128830;1
132132;1
3160;1
139060;1
47960;1
46396;1
138530;1
1521;1
140472;1
54992;1
52574;1
141296;1
130761;1
44550;1
43933;1
141492;1
44345;1
54561;1
136997;1
142529;1
46152;1
53749;1
130378;1
148672;1
49140;1
692;1
142959;1
127294;1
142788;1
61922;1
142320;1
44379;1
136090;1
141650;1
50598;1
141537;1
149110;1
54834;1
59780;1
133453;1
125029;1
135154;1
48638;1
3129;1
52322;1
51783;1
135150;1
129674;1
129901;1
128567;1
50866;1
42264;1
136021;1
132532;1
133452;1
128410;1
137358;1
130448;1
126163;1
135245;1
130771;1
46827;1
53304;1
56305;1
51233;1
137397;1
138542;1
52264;1
137318;1
125279;1
134018;1
61332;1
140276;1
150188;1
46466;1
59758;1
47306;1
142117;1
48571;1
128015;1
132041;1
125241;1
144017;1
49622;1
60835;1
132934;1
58479;1
141949;1
53482;1
141348;1
57317;1
131245;1
131299;1
129928;1
52547;1
130568;1
137889;1
134504;1
51848;1
47024;1
143933;1
125494;1
137095;1
129733;1
42972;1
49395;1
55014;1
131752;1
138412;1
59577;1
150177;1
50178;1
47624;1
138153;1
133094;1
42243;1
60127;1
133549;1
142754;1
128263;1
48751;1
142456;1
130001;1
139077;1
3292;1
2951;1
128725;1
139508;1
61055;1
129614;1
127176;1
55993;1
139581;1
151195;1
132901;1
57957;1
139604;1
143592;1
126853;1
132119;1
130747;1
147836;1
52764;1
149088;1
135506;1
45095;1
61040;1
144783;1
42325;1
141883;1
43099;1
133910;1
148675;1
134738;1
141707;1
125091;1
60944;1
134056;1
52703;1
60175;1
135191;1
1623;1
42922;1
56620;1
52134;1
139590;1
89015;1
44663;1
682;1
46483;1
130190;1
139478;1
142978;1
130877;1
58571;1
59111;1
50283;1
134662;1
58982;1
133579;1
53697;1
127747;1
2984;1
136277;1
59041;1
150564;1
49689;1
56332;1
137998;1
46599;1
136259;1
47116;1
133991;1
148022;1
131307;1
1576;1
134690;1
55033;1
734;1
47105;1
56153;1
1100;1
143755;1
46471;1
142066;1
141397;1
132289;1
127539;1
46663;1
932;1
133799;1
54685;1
56840;1
58097;1
45026;1
46337;1
44438;1
51575;1
135091;1
141295;1
49553;1
48828;1
45355;1
134269;1
130421;1
50562;1
53542;1
126858;1
134948;1
131970;1
146270;1
53487;1
44614;1
132031;1
128663;1
1681;1
147783;1
1087;1
137815;1
57707;1
139836;1
129041;1
144340;1
125106;1
129672;1
147485;1
133333;1
138079;1
135113;1
135014;1
1425;1
128842;1
150759;1
148425;1
50273;1
45319;1
139139;1
56693;1
141900;1
45893;1
128566;1
141561;1
649;1
136282;1
135721;1
60354;1
126912;1
132306;1
144067;1
126634;1
53975;1
132324;1
1495;1
142402;1
144475;1
59490;1
48431;1
133723;1
137562;1
140517;1
127457;1
135948;1
53787;1
45633;1
127611;1
58831;1
144829;1
127535;1
51367;1
145598;1
42280;1
125257;1
44498;1
128847;1
136800;1
148529;1
61208;1
131080;1
52628;1
126005;1
54703;1
142432;1
126676;1
130264;1
133507;1
133184;1
137747;1
134207;1
138341;1
140239;1
47799;1
131186;1
127905;1
52016;1
62018;1
49198;1
148112;1
53046;1
143376;1
127133;1
141596;1
127237;1
59102;1
54862;1
131774;1
127408;1
147074;1
60313;1
129805;1
57512;1
1630;1
129541;1
56919;1
147453;1
125266;1
852;1
99940;1
146674;1
147061;1
146718;1
128643;1
48815;1
51322;1
140618;1
658;1
55305;1
139628;1
126047;1
147170;1
140690;1
137241;1
103628;1
142508;1
150704;1
57193;1
134432;1
129451;1
139890;1
135863;1
49687;1
139456;1
135852;1
137869;1
57822;1
138248;1
148111;1
61674;1
145510;1
125099;1
126111;1
145401;1
42734;1
57119;1
139897;1
50027;1
128588;1
45957;1
58518;1
127101;1
55175;1
59875;1
129487;1
130261;1
126023;1
50482;1
134734;1
51906;1
126588;1
133076;1
53330;1
134585;1
150785;1
142203;1
136985;1
139703;1
134144;1
126497;1
143297;1
135635;1
61263;1
144323;1
49932;1
135044;1
126243;1
43936;1
125926;1
60839;1
51716;1
147492;1
141479;1
43168;1
135502;1
128411;1
141769;1
61553;1
129173;1
142946;1
134382;1
133154;1
128828;1
138951;1
131327;1
134095;1
52724;1
47737;1
129726;1
128557;1
55344;1
151717;1
43038;1
44904;1
134546;1
42841;1
141829;1
46369;1
147092;1
45776;1
130104;1
61767;1
146911;1
46674;1
140045;1
149523;1
50025;1
141733;1
134347;1
151266;1
133421;1
146236;1
133935;1
60128;1
58087;1
150112;1
125978;1
52797;1
141726;1
148772;1
140720;1
60496;1
56968;1
44026;1
133108;1
44743;1
141988;1
142053;1
60046;1
43117;1
50844;1
138964;1
48180;1
60825;1
138507;1
129502;1
128292;1
52773;1
52215;1
130435;1
56897;1
57132;1
130680;1
140550;1
132142;1
43430;1
140311;1
126758;1
149657;1
125248;1
48172;1
44736;1
131179;1
146076;1
149906;1
100103;1
132448;1
90778;1
147026;1
56475;1
141842;1
134935;1
140987;1
48767;1
128028;1
127682;1
146594;1
143942;1
140701;1
131887;1
139642;1
126328;1
142887;1
127208;1
139421;1
51926;1
59767;1
141744;1
134817;1
131889;1
56055;1
126703;1
136401;1
142077;1
126871;1
128969;1
50296;1
61987;1
45384;1
128968;1
149011;1
131795;1
149437;1
142100;1
139014;1
125098;1
134815;1
57382;1
147777;1
125670;1
61067;1
51824;1
128708;1
126987;1
145023;1
139022;1
140851;1
130061;1
142923;1
131422;1
54987;1
133960;1
140713;1
45402;1
60009;1
129317;1
137098;1
130507;1
131045;1
59499;1
51149;1
130801;1
52661;1
55464;1
131105;1
46920;1
129174;1
125145;1
132591;1
126369;1
148632;1
142554;1
130110;1
133916;1
128898;1
151039;1
1433;1
141961;1
124874;1
149740;1
128879;1
143512;1
97250;1
44568;1
136315;1
45932;1
135730;1
131867;1
133595;1
58726;1
128591;1
134567;1
148200;1
138521;1
60792;1
60191;1
126749;1
51524;1
127917;1
129342;1
56514;1
45984;1
145114;1
138457;1
812;1
46207;1
145167;1
141785;1
59584;1
44427;1
58290;1
144460;1
60050;1
141175;1
126250;1
130452;1
150623;1
126305;1
146462;1
131182;1
49368;1
125196;1
54140;1
140848;1
148271;1
140155;1
134963;1
142319;1
136055;1
141711;1
59118;1
125288;1
144373;1
130016;1
150384;1
90491;1
151544;1
131251;1
52005;1
61341;1
129297;1
140953;1
133050;1
149328;1
140165;1
133583;1
134594;1
126125;1
51831;1
133300;1
60572;1
146741;1
128155;1
128773;1
139255;1
58835;1
133711;1
140984;1
125454;1
133636;1
146008;1
141982;1
133582;1
128746;1
146241;1
144259;1
53053;1
61788;1
132655;1
53327;1
1036;1
137013;1
125439;1
53253;1
131978;1
48905;1
46902;1
56016;1
146323;1
138639;1
133246;1
141242;1
139366;1
57555;1
56555;1
51843;1
127106;1
3141;1
136357;1
142871;1
47968;1
128001;1
134090;1
1102;1
141564;1
61570;1
55174;1
148581;1
57860;1
53036;1
132130;1
60434;1
133428;1
129892;1
136860;1
60458;1
142392;1
136953;1
142071;1
138354;1
149869;1
139400;1
134016;1
54377;1
57375;1
145883;1
59969;1
127714;1
132881;1
139082;1
136898;1
57819;1
69156;1
143743;1
129832;1
143700;1
139332;1
133615;1
3158;1
44775;1
50085;1
124977;1
148571;1
138488;1
126679;1
143446;1
53638;1
131174;1
129787;1
142546;1
138109;1
134539;1
55715;1
126131;1
142409;1
148453;1
141799;1
149100;1
51776;1
150362;1
57698;1
58025;1
140945;1
146955;1
138385;1
126408;1
144445;1
57647;1
53617;1
145607;1
136138;1
128305;1
851;1
129467;1
139112;1
151158;1
134572;1
145196;1
150044;1
55738;1
54582;1
140269;1
150970;1
962;1
52301;1
149991;1
49168;1
151320;1
57977;1
130525;1
130851;1
148586;1
150050;1
3040;1
144212;1
150855;1
139010;1
130129;1
54916;1
128381;1
150003;1
3171;1
135418;1
1667;1
1326;1
816;1
45470;1
136459;1
134211;1
138573;1
51286;1
132379;1
54933;1
57413;1
149548;1
55391;1
129610;1
125210;1
140578;1
150079;1
125453;1
141205;1
137480;1
135822;1
135398;1
124975;1
147128;1
136945;1
136825;1
141037;1
129165;1
136518;1
140089;1
125197;1
130342;1
144775;1
3224;1
139063;1
42889;1
135158;1
133758;1
99212;1
134663;1
129119;1
134515;1
61775;1
3291;1
136845;1
140073;1
138492;1
137488;1
57393;1
61924;1
128277;1
138161;1
142412;1
3094;1
140889;1
139781;1
61179;1
47943;1
133646;1
51948;1
129422;1
57571;1
136296;1
116714;1
55861;1
134073;1
144016;1
126055;1
143928;1
127439;1
147938;1
57405;1
136404;1
61548;1
138981;1
125580;1
128366;1
44530;1
50259;1
137542;1
132637;1
142161;1
130785;1
127725;1
46101;1
54583;1
57228;1
147146;1
144588;1
138259;1
136190;1
129572;1
129069;1
138167;1
1464;1
135413;1
137769;1
133840;1
740;1
125393;1
144733;1
55235;1
699;1
133937;1
58318;1
148628;1
141445;1
138607;1
627;1
127409;1
60362;1
139885;1
140420;1
58949;1
136150;1
60177;1
49775;1
125284;1
45268;1
126091;1
132668;1
42163;1
52604;1
127023;1
48003;1
128245;1
131396;1
96714;1
55621;1
137713;1
137074;1
147561;1
126425;1
145309;1
150548;1
125141;1
139115;1
124940;1
132515;1
134499;1
54643;1
144348;1
136205;1
2964;1
142545;1
53162;1
139250;1
131443;1
138779;1
134430;1
125819;1
146535;1
141728;1
128654;1
147924;1
136496;1
139471;1
129426;1
141973;1
148604;1
143097;1
143901;1
58362;1
58510;1
46383;1
134729;1
131984;1
134165;1
144346;1
61207;1
141820;1
150849;1
134249;1
150497;1
131688;1
46326;1
142559;1
138728;1
90473;1
126610;1
141884;1
128314;1
133846;1
56326;1
43736;1
1296;1
144260;1
54144;1
132069;1
130967;1
151278;1
57310;1
46537;1
130442;1
141011;1
141247;1
126555;1
133756;1
127443;1
145258;1
131950;1
147593;1
60497;1
141872;1
45082;1
59895;1
126323;1
138787;1
143940;1
134890;1
135583;1
134415;1
139551;1
46341;1
127817;1
126934;1
130909;1
149557;1
150887;1
140497;1
3050;1
130900;1
127800;1
134360;1
127967;1
42221;1
151481;1
134002;1
130721;1
137088;1
1463;1
146354;1
135752;1
59429;1
134965;1
53051;1
57550;1
125470;1
142457;1
137070;1
135072;1
126042;1
135639;1
136094;1
128724;1
137582;1
133921;1
128016;1
61990;1
133288;1
147611;1
134695;1
57169;1
57401;1
61507;1
125767;1
44918;1
135178;1
45398;1
56210;1
129888;1
126545;1
125667;1
138319;1
141773;1
135845;1
151475;1
149769;1
132263;1
838;1
139107;1
130478;1
125957;1
137375;1
149398;1
133130;1
43233;1
126581;1
50965;1
149989;1
52327;1
130999;1
137834;1
144105;1
145796;1
52410;1
147004;1
130086;1
143962;1
128449;1
141026;1
146564;1
131198;1
149553;1
131044;1
139179;1
144805;1
131992;1
46298;1
136186;1
146318;1
131574;1
132353;1
47786;1
60836;1
130056;1
133855;1
133992;1
49035;1
148723;1
135784;1
136853;1
128800;1
151402;1
129634;1
147854;1
139504;1
146165;1
126297;1
135580;1
139843;1
126084;1
150017;1
133054;1
149010;1
146379;1
721;1
44287;1
137417;1
136613;1
131272;1
49336;1
132834;1
134027;1
57331;1
137009;1
146304;1
126471;1
146907;1
142125;1
139995;1
133679;1
127346;1
150209;1
52183;1
48083;1
125341;1
129746;1
137342;1
61406;1
116571;1
136446;1
54237;1
140397;1
1128;1
144033;1
138960;1
55902;1
132660;1
127975;1
132804;1
43574;1
60252;1
54513;1
46851;1
43774;1
136567;1
150160;1
43596;1
137922;1
146913;1
138005;1
142079;1
135791;1
133342;1
146988;1
47506;1
53326;1
56994;1
135736;1
126639;1
148669;1
142939;1
126933;1
138032;1
45084;1
132323;1
136290;1
58766;1
53802;1
131701;1
145033;1
140908;1
131339;1
130263;1
149377;1
53259;1
136480;1
3232;1
56815;1
139592;1
136650;1
146427;1
57958;1
137273;1
147420;1
128273;1
132920;1
128185;1
134179;1
151433;1
133088;1
125495;1
1023;1
129511;1
145295;1
132356;1
126574;1
136755;1
57116;1
128703;1
126617;1
130643;1
139398;1
58710;1
130010;1
146751;1
127661;1
148397;1
151460;1
139756;1
52697;1
130615;1
130213;1
132864;1
50155;1
134508;1
147817;1
147945;1
131033;1
149157;1
61141;1
131114;1
125755;1
46020;1
57662;1
130044;1
42075;1
136705;1
126880;1
45514;1
146223;1
126827;1
140930;1
43253;1
47476;1
53089;1
141977;1
60876;1
58799;1
150470;1
129708;1
126898;1
126245;1
130726;1
147753;1
140238;1
44492;1
135792;1
140021;1
137666;1
56224;1
54936;1
54593;1
54249;1
146449;1
58554;1
1421;1
149782;1
130414;1
139213;1
149362;1
150477;1
52863;1
151230;1
52464;1
51633;1
49185;1
45134;1
133722;1
143016;1
129596;1
141210;1
134976;1
131321;1
45090;1
146131;1
149389;1
125911;1
131577;1
127506;1
136919;1
133836;1
142418;1
717;1
44548;1
61018;1
144734;1
148687;1
141554;1
149035;1
139335;1
48438;1
130972;1
126826;1
148275;1
50947;1
44576;1
42202;1
44085;1
132411;1
49417;1
867;1
55495;1
135503;1
135836;1
57683;1
150317;1
1286;1
43420;1
146606;1
138845;1
124907;1
56683;1
59214;1
125748;1
130315;1
144209;1
61913;1
52585;1
135945;1
44787;1
61554;1
44750;1
137979;1
145774;1
45973;1
44419;1
51105;1
59990;1
144844;1
61397;1
142568;1
142591;1
149449;1
128363;1
50246;1
45428;1
136622;1
42417;1
48117;1
140084;1
145073;1
134996;1
131756;1
129877;1
130659;1
147464;1
151451;1
130162;1
136658;1
43145;1
126902;1
91831;1
136014;1
139593;1
129018;1
48222;1
139243;1
150858;1
145257;1
52446;1
141968;1
50017;1
131667;1
147961;1
47202;1
133489;1
58731;1
42254;1
142292;1
47985;1
128670;1
150650;1
141914;1
59940;1
133008;1
147591;1
147493;1
3145;1
132008;1
137830;1
104492;1
53264;1
145865;1
150128;1
132259;1
135353;1
44637;1
91314;1
58575;1
151280;1
140813;1
91563;1
129094;1
62009;1
137409;1
133228;1
131834;1
146297;1
54819;1
141629;1
45066;1
124989;1
1215;1
138613;1
55535;1
125741;1
137412;1
52285;1
57389;1
143065;1
53216;1
125912;1
148936;1
42730;1
129697;1
142041;1
133365;1
3054;1
143357;1
141574;1
147250;1
134869;1
139163;1
142775;1
137128;1
137791;1
45302;1
137630;1
135585;1
132762;1
61689;1
149892;1
89715;1
142935;1
128181;1
1364;1
127704;1
125291;1
132343;1
133434;1
136217;1
140877;1
43229;1
125772;1
129717;1
139075;1
114631;1
1042;1
145792;1
142593;1
135190;1
128278;1
130792;1
139057;1
149140;1
145289;1
137728;1
55754;1
50568;1
137226;1
144717;1
44565;1
142405;1
54428;1
889;1
124921;1
132875;1
135162;1
52421;1
988;1
128352;1
51972;1
97961;1
145074;1
144843;1
126203;1
142006;1
142433;1
133860;1
125182;1
144935;1
131315;1
91663;1
50477;1
136249;1
138783;1
133328;1
126525;1
55858;1
54656;1
45225;1
147165;1
140931;1
133655;1
54318;1
142094;1
143526;1
136100;1
54763;1
133597;1
149969;1
132408;1
144569;1
51454;1
149079;1
57908;1
2977;1
128452;1
137887;1
60388;1
56098;1
148738;1
144304;1
143247;1
55038;1
133127;1
139396;1
49391;1
58106;1
53600;1
143900;1
141672;1
148358;1
139012;1
142267;1
47114;1
96445;1
134591;1
58666;1
54221;1
126963;1
139040;1
56525;1
139854;1
51624;1
3288;1
103893;1
149497;1
142609;1
138103;1
138480;1
141595;1
132443;1
140416;1
139219;1
60398;1
46946;1
136441;1
129884;1
128342;1
131544;1
133079;1
131481;1
127946;1
125281;1
139489;1
53123;1
59262;1
131826;1
3251;1
142307;1
147638;1
143624;1
140076;1
48613;1
149240;1
150270;1
126280;1
141304;1
138283;1
136124;1
49434;1
140619;1
145376;1
42508;1
50954;1
132366;1
136204;1
97111;1
137517;1
55372;1
61442;1
128766;1
125769;1
137714;1
136191;1
3253;1
1403;1
134230;1
135764;1
58608;1
143019;1
150576;1
45724;1
129206;1
142828;1
60838;1
143291;1
129735;1
3134;1
136408;1
49859;1
144503;1
150296;1
125828;1
144204;1
134033;1
146546;1
143211;1
3080;1
139552;1
130183;1
131397;1
137760;1
149510;1
134079;1
149716;1
42699;1
125188;1
126616;1
58452;1
139172;1
137434;1
43650;1
139553;1
131721;1
139266;1
140265;1
136814;1
125036;1
137993;1
128776;1
142832;1
131980;1
139821;1
120499;1
47926;1
129280;1
59847;1
150011;1
53839;1
131162;1
132138;1
50093;1
139380;1
3150;1
51453;1
136238;1
3063;1
131794;1
134123;1
140318;1
150219;1
143167;1
135312;1
135711;1
57270;1
59824;1
132742;1
134348;1
143947;1
141232;1
150397;1
128006;1
144494;1
50332;1
129331;1
51804;1
130589;1
131046;1
137819;1
126081;1
61361;1
140822;1
43225;1
127928;1
124898;1
137967;1
133942;1
143181;1
140704;1
140831;1
135659;1
140303;1
150532;1
144931;1
139505;1
133611;1
145292;1
136108;1
131239;1
126563;1
144768;1
44283;1
51779;1
59069;1
143217;1
43734;1
126625;1
143381;1
127450;1
132302;1
127805;1
95491;1
134267;1
147722;1
50974;1
112829;1
140264;1
127533;1
54229;1
129383;1
145241;1
125780;1
60521;1
139543;1
129719;1
137997;1
137717;1
59823;1
139165;1
127953;1
61239;1
151156;1
45058;1
137094;1
134942;1
125877;1
136956;1
147633;1
143268;1
141835;1
139329;1
1602;1
139678;1
51170;1
130508;1
125698;1
145003;1
47661;1
47115;1
42453;1
141693;1
137251;1
129086;1
59849;1
133009;1
134735;1
143635;1
137446;1
128768;1
42970;1
96828;1
59843;1
145324;1
43760;1
140289;1
55259;1
138137;1
143484;1
139289;1
103644;1
134270;1
127071;1
146471;1
125808;1
137293;1
141721;1
151122;1
147173;1
133557;1
147829;1
138078;1
142930;1
43131;1
133230;1
3084;1
134008;1
142086;1
46332;1
137325;1
125190;1
143862;1
48818;1
137835;1
129318;1
142528;1
132101;1
774;1
129347;1
43167;1
139796;1
54263;1
145597;1
139183;1
134497;1
146393;1
59079;1
134396;1
55439;1
131454;1
48839;1
59124;1
142386;1
148964;1
43483;1
42881;1
137138;1
46777;1
137338;1
133952;1
151239;1
128635;1
50202;1
137387;1
132739;1
48494;1
61783;1
137669;1
139232;1
142969;1
52987;1
140427;1
136764;1
142471;1
129193;1
140532;1
51711;1
55583;1
139804;1
139387;1
125516;1
131639;1
145449;1
146075;1
134108;1
135665;1
147732;1
1654;1
151210;1
139985;1
141878;1
138517;1
137373;1
135491;1
54312;1
48022;1
131981;1
149282;1
3059;1
138578;1
47919;1
49481;1
135215;1
144529;1
141500;1
149142;1
56062;1
136875;1
60966;1
151051;1
149571;1
125839;1
136389;1
135467;1
125795;1
59430;1
44392;1
141416;1
125859;1
47816;1
143195;1
61493;1
56192;1
128815;1
125790;1
56247;1
61343;1
141544;1
140399;1
140345;1
57558;1
55312;1
42126;1
126578;1
132966;1
139295;1
59443;1
55892;1
138962;1
127495;1
148518;1
146183;1
49081;1
141506;1
127494;1
130610;1
149058;1
130354;1
137916;1
128639;1
49776;1
49529;1
136398;1
129823;1
56924;1
132975;1
129268;1
146656;1
59058;1
125046;1
56367;1
128881;1
1290;1
138763;1
145153;1
129951;1
137079;1
125442;1
136020;1
43941;1
59711;1
1173;1
143451;1
125775;1
142243;1
60979;1
138506;1
139945;1
45477;1
43011;1
49069;1
135075;1
47181;1
143529;1
57076;1
130579;1
137960;1
142920;1
54963;1
104033;1
125610;1
54673;1
127126;1
132286;1
148635;1
51210;1
141044;1
131686;1
126008;1
60035;1
138242;1
139841;1
132999;1
136041;1
135274;1
136513;1
130194;1
134116;1
91638;1
126546;1
136461;1
44370;1
128420;1
131306;1
125672;1
136478;1
142036;1
129058;1
51047;1
136253;1
43393;1
134685;1
58812;1
148011;1
132261;1
137634;1
49066;1
140325;1
59467;1
49975;1
58434;1
138693;1
128813;1
989;1
54020;1
47561;1
136450;1
141578;1
125208;1
131506;1
128772;1
134637;1
145605;1
51596;1
49130;1
60963;1
61927;1
142455;1
137005;1
128405;1
125444;1
90392;1
135579;1
137215;1
45672;1
60680;1
141068;1
149129;1
150434;1
139567;1
148653;1
150006;1
139661;1
150629;1
130691;1
126175;1
151624;1
130685;1
134914;1
51223;1
46454;1
60577;1
58730;1
144134;1
139126;1
58931;1
132556;1
124813;1
129762;1
48586;1
134681;1
48091;1
137519;1
129067;1
130564;1
125786;1
51847;1
43490;1
144597;1
90802;1
134624;1
135918;1
145854;1
141770;1
144444;1
55901;1
58413;1
130380;1
147963;1
45516;1
46384;1
142295;1
59968;1
129904;1
142348;1
42469;1
1376;1
140707;1
138814;1
145533;1
127890;1
149383;1
45587;1
142760;1
1244;1
143186;1
95327;1
54077;1
58056;1
136485;1
49832;1
51140;1
136029;1
149465;1
57493;1
134297;1
130398;1
130629;1
45906;1
139705;1
48214;1
135795;1
132623;1
135184;1
133417;1
129618;1
3008;1
59261;1
58679;1
126367;1
142880;1
150960;1
126231;1
134666;1
144725;1
131001;1
904;1
124955;1
129452;1
126414;1
109393;1
43064;1
140371;1
58026;1
55604;1
44511;1
58649;1
128705;1
146077;1
129855;1
49922;1
145543;1
54492;1
136057;1
145629;1
136710;1
132580;1
55129;1
53673;1
141568;1
60173;1
58977;1
134949;1
137401;1
144752;1
132647;1
55090;1
151610;1
127593;1
59462;1
49122;1
146831;1
134208;1
148802;1
42353;1
133475;1
149045;1
124936;1
127390;1
57541;1
58533;1
49055;1
45174;1
44848;1
45412;1
140455;1
130424;1
139883;1
57938;1
126860;1
143391;1
148488;1
689;1
142526;1
59318;1
143950;1
151582;1
133192;1
143315;1
132833;1
126771;1
135321;1
44779;1
129540;1
145925;1
145456;1
131516;1
139514;1
140628;1
48307;1
46311;1
54935;1
125199;1
53244;1
141647;1
127950;1
136261;1
127105;1
150014;1
142162;1
140663;1
129554;1
143155;1
47301;1
145278;1
127012;1
143251;1
128888;1
127810;1
60407;1
53980;1
1193;1
151243;1
45740;1
149040;1
125389;1
136270;1
143249;1
134356;1
141440;1
125276;1
144294;1
147692;1
44580;1
137307;1
131050;1
139369;1
3005;1
143709;1
128242;1
137723;1
51532;1
135030;1
54786;1
132234;1
138893;1
143764;1
139529;1
131905;1
149312;1
130265;1
128529;1
50885;1
136832;1
49317;1
46694;1
134180;1
1143;1
43315;1
127997;1
60237;1
127032;1
125321;1
43921;1
127314;1
3052;1
43786;1
127857;1
53165;1
764;1
58709;1
147218;1
138610;1
43332;1
3235;1
134593;1
55058;1
57912;1
134957;1
146593;1
126093;1
150496;1
151249;1
46399;1
126129;1
150581;1
132808;1
147505;1
125834;1
54787;1
135712;1
149715;1
142200;1
135599;1
144589;1
42988;1
135109;1
151407;1
49600;1
125603;1
138690;1
138253;1
140471;1
134692;1
148640;1
132294;1
3048;1
145558;1
3260;1
132640;1
125606;1
142872;1
52988;1
133787;1
54303;1
130602;1
54791;1
134765;1
965;1
130454;1
146802;1
144738;1
150504;1
53916;1
149246;1
57642;1
142904;1
125997;1
136749;1
59690;1
47203;1
127762;1
56068;1
133349;1
141811;1
144032;1
134656;1
46936;1
150238;1
131474;1
125194;1
48805;1
139237;1
150475;1
140398;1
142886;1
1397;1
145748;1
46925;1
127301;1
124827;1
149068;1
143149;1
141807;1
753;1
127018;1
143710;1
127231;1
150271;1
148108;1
125571;1
149393;1
50091;1
58769;1
143934;1
127218;1
151131;1
61334;1
151361;1
56918;1
45027;1
138195;1
44297;1
137901;1
58856;1
140910;1
134820;1
137360;1
61998;1
135728;1
139252;1
42207;1
150065;1
151044;1
144036;1
50226;1
140248;1
128829;1
133185;1
135983;1
46706;1
54687;1
59983;1
126985;1
143159;1
51378;1
144790;1
151102;1
138176;1
143317;1
129353;1
140818;1
60818;1
53553;1
137030;1
129082;1
134262;1
146966;1
42511;1
51175;1
132236;1
128623;1
56706;1
129250;1
59284;1
3152;1
126831;1
52212;1
149357;1
139009;1
135149;1
61031;1
138285;1
138930;1
137654;1
50830;1
51283;1
60777;1
140426;1
130957;1
124888;1
140730;1
133970;1
127362;1
50599;1
134936;1
144180;1
142147;1
135358;1
140576;1
136106;1
147341;1
124978;1
143208;1
52989;1
127964;1
135054;1
147276;1
46035;1
67785;1
137598;1
57761;1
143730;1
148582;1
143818;1
143548;1
59835;1
140260;1
144698;1
46511;1
46104;1
51771;1
145717;1
128459;1
138747;1
42505;1
60495;1
148151;1
126526;1
126000;1
138317;1
1432;1
138871;1
52923;1
142587;1
146043;1
139384;1
42375;1
145302;1
134376;1
91959;1
135809;1
141002;1
151085;1
52732;1
43186;1
130332;1
58837;1
139647;1
150825;1
48949;1
44795;1
48247;1
139754;1
146360;1
42786;1
146187;1
137062;1
141032;1
52414;1
129952;1
127259;1
128615;1
147646;1
136523;1
1383;1
132439;1
125732;1
145789;1
126237;1
128123;1
59424;1
59580;1
49462;1
142142;1
126209;1
3021;1
149927;1
138567;1
1574;1
42814;1
149555;1
147018;1
135205;1
43042;1
44821;1
60586;1
57609;1
733;1
137958;1
134197;1
141239;1
125826;1
129336;1
127092;1
127605;1
138629;1
127672;1
128966;1
125345;1
58855;1
148053;1
53435;1
149733;1
150593;1
49708;1
141106;1
128629;1
127712;1
147035;1
48590;1
142620;1
139426;1
131694;1
130651;1
738;1
129379;1
140849;1
132849;1
139931;1
144248;1
50686;1
131259;1
142954;1
145498;1
140379;1
136269;1
133267;1
132780;1
146667;1
130445;1
137292;1
60514;1
151178;1
48899;1
48084;1
146921;1
126569;1
50279;1
48290;1
137556;1
134575;1
101944;1
132553;1
143648;1
133293;1
131859;1
47948;1
144075;1
1333;1
1160;1
141202;1
1221;1
47395;1
128257;1
124846;1
47223;1
126302;1
50722;1
51019;1
143910;1
52430;1
127934;1
140884;1
56518;1
150956;1
50306;1
134796;1
126001;1
1457;1
140272;1
140761;1
135188;1
133668;1
122867;1
130614;1
136989;1
57060;1
60405;1
49753;1
131607;1
102636;1
139812;1
128414;1
150425;1
131635;1
137628;1
131892;1
130116;1
134331;1
135606;1
147668;1
142500;1
140244;1
135338;1
3072;1
137601;1
131495;1
49881;1
144352;1
132676;1
142129;1
130854;1
48133;1
52519;1
1273;1
136669;1
46553;1
128416;1
147459;1
50206;1
145891;1
150089;1
46284;1
136049;1
126061;1
147089;1
143871;1
129117;1
124891;1
125278;1
91614;1
143275;1
1645;1
58303;1
129822;1
148408;1
134855;1
137109;1
151360;1
139549;1
128157;1
137600;1
151742;1
134369;1
129305;1
138449;1
129495;1
48593;1
140387;1
56581;1
136839;1
131292;1
57210;1
45406;1
137571;1
143705;1
47771;1
939;1
148440;1
132369;1
51676;1
131008;1
132806;1
141300;1
141621;1
128106;1
125049;1
55782;1
53937;1
56080;1
42582;1
127920;1
148714;1
1001;1
58899;1
45854;1
61157;1
147904;1
147495;1
149406;1
136516;1
138045;1
134916;1
133313;1
137317;1
138543;1
133446;1
144799;1
150546;1
130243;1
125337;1
144190;1
127500;1
125561;1
125436;1
142428;1
138773;1
56444;1
48127;1
50837;1
46760;1
125113;1
136374;1
138616;1
128174;1
139663;1
142213;1
60938;1
56536;1
52557;1
135210;1
135039;1
142227;1
59607;1
53268;1
145861;1
136940;1
53263;1
133728;1
55590;1
48019;1
128264;1
146832;1
126543;1
50840;1
49017;1
149202;1
137000;1
127881;1
136907;1
144664;1
128549;1
135766;1
129652;1
140483;1
134071;1
143504;1
150792;1
133719;1
130470;1
141991;1
136934;1
126165;1
137027;1
128498;1
132257;1
136880;1
42089;1
137891;1
133659;1
48208;1
46423;1
142507;1
140675;1
129631;1
132365;1
46005;1
95076;1
147184;1
138451;1
53494;1
145471;1
60342;1
128886;1
125000;1
125496;1
126631;1
130410;1
136473;1
134836;1
132774;1
136796;1
142477;1
56718;1
140028;1
57046;1
144358;1
125014;1
140759;1
52512;1
128460;1
151216;1
150999;1
126684;1
126751;1
57873;1
132552;1
139428;1
136619;1
125511;1
136438;1
146116;1
139468;1
141992;1
52477;1
127458;1
126267;1
132618;1
136464;1
138766;1
149296;1
2957;1
125739;1
137222;1
142382;1
139417;1
140256;1
128702;1
985;1
135481;1
46794;1
143373;1
127753;1
53055;1
135116;1
61287;1
133504;1
49186;1
47469;1
137584;1
44134;1
51317;1
51646;1
45970;1
146867;1
128062;1
135525;1
48722;1
61660;1
131227;1
128059;1
130963;1
133841;1
151068;1
146870;1
135552;1
54894;1
54225;1
45687;1
140446;1
142693;1
134507;1
150834;1
132054;1
146196;1
129089;1
133237;1
131769;1
139735;1
126823;1
54370;1
141697;1
131666;1
141038;1
53214;1
49433;1
1115;1
50255;1
54044;1
59186;1
49498;1
137932;1
61039;1
126608;1
132876;1
147003;1
132630;1
53550;1
144882;1
59176;1
2555;1
59667;1
44726;1
52432;1
57941;1
61427;1
49951;1
142774;1
138504;1
60692;1
53943;1
149263;1
3061;1
1430;1
137297;1
135468;1
132464;1
146159;1
125136;1
89559;1
45593;1
136817;1
130357;1
131018;1
150895;1
138998;1
139610;1
133414;1
46429;1
55096;1
59428;1
53204;1
135771;1
128075;1
140469;1
135558;1
134650;1
139783;1
130756;1
57624;1
141411;1
52081;1
142128;1
141516;1
134981;1
128350;1
138730;1
54581;1
140660;1
140418;1
142741;1
44053;1
88837;1
137906;1
134741;1
2998;1
48779;1
134325;1
129481;1
44387;1
136067;1
61730;1
135364;1
50851;1
133551;1
145541;1
42833;1
56834;1
127814;1
42144;1
139933;1
141053;1
150375;1
130444;1
142346;1
700;1
133780;1
42646;1
138063;1
131965;1
147369;1
135723;1
144657;1
132419;1
147700;1
134113;1
56757;1
141142;1
61247;1
141851;1
141526;1
90403;1
124814;1
136968;1
132370;1
127330;1
126540;1
137560;1
53998;1
134346;1
51991;1
128736;1
131388;1
51331;1
58694;1
52554;1
132195;1
49699;1
147848;1
49148;1
148868;1
90158;1
972;1
57369;1
149335;1
132104;1
147330;1
151371;1
61103;1
53648;1
136831;1
138015;1
146705;1
133224;1
133066;1
1663;1
45064;1
45965;1
45018;1
135605;1
138828;1
149792;1
148032;1
128625;1
133214;1
49393;1
140114;1
53421;1
126757;1
138511;1
127883;1
138628;1
43942;1
133541;1
141591;1
148768;1
57971;1
143246;1
46847;1
140251;1
51861;1
47509;1
56612;1
145199;1
125102;1
126440;1
53843;1
127837;1
46567;1
139161;1
60438;1
130036;1
43441;1
148198;1
136630;1
151449;1
146625;1
142365;1
130186;1
127635;1
42908;1
130987;1
46838;1
44765;1
48645;1
139547;1
58094;1
143407;1
135704;1
131901;1
42482;1
129683;1
96550;1
56717;1
131263;1
149750;1
135216;1
131562;1
143172;1
46983;1
61667;1
100613;1
140401;1
59360;1
96727;1
149959;1
130970;1
54457;1
139442;1
58494;1
131139;1
140192;1
137048;1
89143;1
146231;1
141882;1
131406;1
131818;1
48041;1
43904;1
138974;1
137471;1
131450;1
129628;1
130381;1
150306;1
131147;1
146710;1
129254;1
57453;1
136439;1
97225;1
137605;1
1599;1
130437;1
148158;1
54040;1
130704;1
132683;1
44087;1
54793;1
61485;1
147323;1
130053;1
136445;1
126194;1
148601;1
128252;1
141642;1
140164;1
143644;1
130608;1
44674;1
137732;1
145460;1
90741;1
136760;1
136447;1
138737;1
134449;1
141066;1
127076;1
132241;1
143272;1
56909;1
133762;1
144694;1
62001;1
54218;1
127892;1
141108;1
107255;1
49334;1
129991;1
146949;1
61180;1
150941;1
145009;1
134902;1
1638;1
146260;1
143975;1
146933;1
134014;1
933;1
126322;1
148998;1
151483;1
132084;1
146722;1
131762;1
124859;1
128920;1
45759;1
55141;1
130942;1
129132;1
142421;1
141873;1
143256;1
47159;1
56034;1
125590;1
143187;1
45606;1
50628;1
44829;1
130630;1
1133;1
142589;1
93873;1
131956;1
141944;1
148846;1
130600;1
124945;1
143583;1
142931;1
2983;1
142653;1
55845;1
143906;1
61284;1
129026;1
133243;1
139537;1
127767;1
138596;1
137866;1
45886;1
129830;1
46310;1
129207;1
127949;1
151076;1
128752;1
92623;1
142644;1
43848;1
42415;1
50051;1
1110;1
56208;1
140876;1
58330;1
48315;1
148351;1
135699;1
138759;1
147943;1
50919;1
53619;1
1039;1
48965;1
149367;1
53661;1
61236;1
145808;1
47957;1
125170;1
48378;1
126967;1
138626;1
141103;1
57108;1
140705;1
136634;1
136451;1
130172;1
47362;1
128365;1
134737;1
51755;1
54855;1
46818;1
58259;1
45654;1
133437;1
132322;1
894;1
54837;1
132829;1
142424;1
95373;1
131400;1
136074;1
149113;1
130451;1
104035;1
126177;1
139981;1
144644;1
146378;1
151170;1
135289;1
52007;1
54449;1
124965;1
151188;1
148641;1
44037;1
1311;1
131480;1
52950;1
133964;1
52032;1
55388;1
137776;1
126485;1
137158;1
148211;1
150931;1
146683;1
47302;1
148726;1
131156;1
149021;1
130238;1
145160;1
142160;1
131711;1
132305;1
151232;1
146877;1
142640;1
50078;1
51766;1
58746;1
46650;1
146536;1
129134;1
140240;1
148019;1
148550;1
147417;1
133077;1
59713;1
46177;1
47328;1
130484;1
144039;1
142188;1
61575;1
150710;1
148890;1
131996;1
135129;1
96122;1
142263;1
127583;1
149209;1
42460;1
3088;1
144065;1
56896;1
144086;1
135673;1
125937;1
136862;1
148175;1
127489;1
45641;1
147150;1
56150;1
52696;1
133309;1
105854;1
3071;1
53221;1
144988;1
145602;1
140243;1
125081;1
128699;1
52516;1
141796;1
134063;1
134381;1
128412;1
112531;1
144718;1
126799;1
134528;1
55233;1
133420;1
136032;1
56485;1
147624;1
107079;1
140615;1
129290;1
48278;1
126401;1
149532;1
132345;1
125700;1
105598;1
138012;1
1155;1
127985;1
150989;1
130211;1
148872;1
53560;1
133589;1
62032;1
125290;1
133534;1
148695;1
130226;1
60976;1
127070;1
132182;1
125675;1
55879;1
146019;1
130098;1
134719;1
128058;1
138999;1
46823;1
47741;1
137374;1
148971;1
133914;1
140408;1
139910;1
59049;1
139991;1
130176;1
59654;1
138331;1
126636;1
146900;1
126716;1
52817;1
129349;1
48743;1
59831;1
133401;1
132396;1
137964;1
127363;1
129584;1
144823;1
1644;1
44326;1
127298;1
142074;1
148583;1
142370;1
141681;1
52361;1
52207;1
127844;1
145595;1
138090;1
137308;1
131930;1
130690;1
46682;1
139184;1
56311;1
54469;1
56220;1
150273;1
133078;1
59926;1
129807;1
125646;1
136713;1
147247;1
3073;1
141976;1
58407;1
130857;1
145061;1
55146;1
149046;1
61229;1
42262;1
134281;1
99821;1
135737;1
136363;1
140452;1
144486;1
145169;1
43508;1
145764;1
48506;1
44187;1
127410;1
131936;1
45890;1
55567;1
147040;1
51463;1
143152;1
52630;1
130617;1
44721;1
140180;1
149522;1
138229;1
127339;1
95944;1
49748;1
124954;1
126697;1
54467;1
136673;1
45902;1
136592;1
147063;1
139499;1
56279;1
138532;1
2440;1
52378;1
142768;1
131920;1
48793;1
140582;1
150094;1
59669;1
47151;1
145587;1
54835;1
53250;1
130239;1
140393;1
134265;1
145998;1
146429;1
47148;1
127320;1
128037;1
140320;1
149888;1
49704;1
131557;1
132258;1
133742;1
42679;1
59112;1
149554;1
147318;1
686;1
147748;1
134574;1
125224;1
58540;1
136686;1
129170;1
147605;1
48396;1
49605;1
129496;1
151633;1
53045;1
125243;1
135124;1
890;1
135450;1
58704;1
138636;1
146550;1
137200;1
54123;1
130401;1
149208;1
60371;1
139281;1
133892;1
149385;1
150370;1
129566;1
61129;1
54107;1
148362;1
137509;1
141755;1
134242;1
137395;1
151614;1
142708;1
133751;1
53954;1
146234;1
129488;1
144557;1
140510;1
57089;1
139803;1
56819;1
56573;1
1166;1
148704;1
58555;1
134934;1
54371;1
98571;1
52504;1
136823;1
125557;1
140909;1
61159;1
129987;1
125013;1
50170;1
45015;1
139159;1
134437;1
149640;1
55601;1
126969;1
47085;1
143442;1
136902;1
141643;1
48336;1
143601;1
137811;1
128427;1
135284;1
132122;1
149083;1
44646;1
125262;1
46647;1
132169;1
135199;1
142136;1
43522;1
44940;1
141880;1
1415;1
140337;1
129003;1
147081;1
150716;1
142722;1
139983;1
150966;1
135424;1
139095;1
137672;1
131398;1
137136;1
132993;1
140140;1
51786;1
136662;1
146424;1
45167;1
146893;1
137035;1
60747;1
144645;1
126635;1
134928;1
130898;1
125719;1
47684;1
133913;1
138602;1
63044;1
128346;1
151028;1
142742;1
149074;1
135679;1
57252;1
126887;1
130951;1
133788;1
130362;1
149271;1
137957;1
128124;1
143006;1
129885;1
126522;1
132995;1
1382;1
103332;1
125336;1
129625;1
55640;1
128603;1
127679;1
132543;1
136693;1
42438;1
138926;1
146062;1
141455;1
125447;1
150613;1
56359;1
143440;1
140789;1
138330;1
129011;1
137855;1
146558;1
135451;1
48914;1
125868;1
125573;1
53175;1
144615;1
150376;1
56901;1
135038;1
139216;1
57484;1
145943;1
56272;1
134544;1
136383;1
133344;1
126673;1
145022;1
132996;1
132137;1
44060;1
48881;1
144879;1
134762;1
148269;1
144787;1
3273;1
136486;1
138519;1
3027;1
136053;1
133941;1
137592;1
127742;1
151302;1
129637;1
50564;1
53676;1
46164;1
138288;1
127402;1
136113;1
133998;1
52558;1
127886;1
143888;1
959;1
42980;1
150507;1
149655;1
52199;1
125073;1
97295;1
126941;1
61348;1
141312;1
135566;1
133815;1
128577;1
138959;1
151387;1
57984;1
45809;1
135642;1
151485;1
135719;1
143124;1
56413;1
52588;1
55256;1
140050;1
49051;1
146144;1
96064;1
134652;1
137285;1
51870;1
49558;1
127761;1
143896;1
133629;1
136794;1
130567;1
124929;1
140144;1
60872;1
145249;1
91659;1
146090;1
139606;1
97914;1
131285;1
149032;1
50203;1
52406;1
43242;1
136584;1
133458;1
131976;1
1242;1
55676;1
133563;1
136346;1
141964;1
46458;1
53711;1
45899;1
126102;1
142062;1
134580;1
93781;1
48466;1
136510;1
51406;1
43125;1
125001;1
137638;1
128457;1
62036;1
148102;1
61882;1
137544;1
127473;1
142429;1
140811;1
141955;1
138518;1
144834;1
61547;1
128632;1
146582;1
128600;1
144487;1
130948;1
151437;1
125123;1
128120;1
48482;1
128433;1
52714;1
129185;1
149755;1
129438;1
53879;1
128861;1
141849;1
45853;1
126152;1
130734;1
128931;1
140590;1
143530;1
136421;1
146967;1
148771;1
142844;1
148409;1
92936;1
52108;1
151321;1
149515;1
3031;1
127641;1
142551;1
135571;1
125193;1
145038;1
146450;1
48835;1
148335;1
141465;1
141813;1
132026;1
131542;1
147348;1
52810;1
133797;1
45855;1
137391;1
58066;1
133769;1
128244;1
51623;1
142415;1
138287;1
126477;1
137925;1
142317;1
151377;1
151394;1
131777;1
150220;1
131092;1
148462;1
130461;1
49128;1
135515;1
136928;1
133828;1
145627;1
47604;1
48182;1
127736;1
129288;1
148159;1
128535;1
143555;1
145214;1
126470;1
104267;1
150476;1
61891;1
142866;1
145675;1
143448;1
132213;1
134752;1
139941;1
144693;1
130426;1
151367;1
116096;1
138050;1
125357;1
136444;1
136735;1
58596;1
130848;1
46770;1
43816;1
48404;1
125090;1
147781;1
132648;1
143093;1
137468;1
42416;1
44714;1
129844;1
126104;1
126279;1
50760;1
54827;1
143736;1
125640;1
140329;1
142438;1
49652;1
139761;1
3198;1
132230;1
127876;1
138233;1
137141;1
125591;1
136821;1
139699;1
61805;1
127578;1
60597;1
127718;1
137167;1
135861;1
136435;1
125575;1
136155;1
141550;1
147529;1
134605;1
51920;1
142846;1
3178;1
138943;1
125465;1
141401;1
138410;1
131126;1
133053;1
143971;1
133842;1
134894;1
127155;1
136646;1
140880;1
133148;1
147912;1
143015;1
47835;1
138055;1
142729;1
136565;1
149967;1
141245;1
125860;1
126632;1
130459;1
128698;1
54930;1
125280;1
147813;1
134673;1
48693;1
138855;1
142284;1
138469;1
133759;1
129585;1
127862;1
126056;1
52253;1
59720;1
128088;1
125717;1
89253;1
134553;1
146244;1
1580;1
51063;1
133904;1
145130;1
125959;1
1392;1
151396;1
58687;1
1578;1
141525;1
142696;1
125061;1
51227;1
46863;1
150756;1
141194;1
146357;1
146761;1
147101;1
144961;1
135426;1
140600;1
146428;1
2981;1
145610;1
140543;1
132707;1
138762;1
143563;1
131413;1
143077;1
105018;1
142089;1
135614;1
141138;1
146276;1
891;1
55347;1
149816;1
141191;1
133137;1
137244;1
3033;1
127378;1
125746;1
140799;1
3247;1
128868;1
86870;1
141993;1
136598;1
128300;1
144213;1
126503;1
145844;1
138756;1
143071;1
128221;1
125092;1
145388;1
144006;1
133424;1
1175;1
127236;1
126541;1
143717;1
3142;1
140842;1
127124;1
149249;1
128887;1
130820;1
129980;1
139799;1
137506;1
125534;1
132228;1
125022;1
139062;1
149280;1
2436;1
141791;1
149391;1
143109;1
136766;1
142083;1
134989;1
44018;1
51797;1
147951;1
134295;1
42444;1
47983;1
137781;1
129133;1
126256;1
144052;1
53208;1
127639;1
126260;1
147998;1
135969;1
146696;1
126123;1
132019;1
133961;1
135402;1
57807;1
135676;1
128243;1
48110;1
49591;1
133920;1
141200;1
57566;1
43039;1
144646;1
128135;1
137627;1
140015;1
141096;1
135862;1
137020;1
134094;1
151024;1
136664;1
146261;1
47011;1
142875;1
60335;1
129315;1
141850;1
54374;1
59213;1
141533;1
47738;1
59301;1
125954;1
137199;1
136467;1
130980;1
140341;1
138789;1
145859;1
126909;1
141662;1
61823;1
142940;1
44526;1
137609;1
44824;1
134412;1
126888;1
131412;1
137323;1
140458;1
140350;1
135181;1
59085;1
149835;1
137642;1
56258;1
140625;1
137665;1
45207;1
144451;1
134458;1
145916;1
50194;1
52870;1
136806;1
127939;1
53248;1
99171;1
143005;1
61279;1
129994;1
146744;1
133204;1
124930;1
132309;1
150845;1
132555;1
54946;1
52556;1
128485;1
102468;1
131811;1
132078;1
138804;1
140559;1
49898;1
56516;1
151593;1
127915;1
126521;1
48425;1
135589;1
44854;1
151770;1
128149;1
54035;1
140879;1
130858;1
135292;1
140988;1
129531;1
47361;1
139947;1
131868;1
47562;1
50920;1
134896;1
125313;1
135485;1
141577;1
130091;1
61725;1
139556;1
129482;1
55340;1
127119;1
127633;1
139961;1
1586;1
62026;1
59624;1
134791;1
141241;1
59873;1
125524;1
59514;1
147368;1
142635;1
45323;1
149316;1
125008;1
50065;1
61477;1
53861;1
130283;1
103812;1
136909;1
46488;1
52123;1
137282;1
42525;1
46217;1
140011;1
55706;1
56499;1
136140;1
147786;1
138683;1
45120;1
151251;1
128955;1
133741;1
60972;1
140514;1
134833;1
149820;1
1064;1
139603;1
126252;1
103845;1
134209;1
45783;1
142698;1
133745;1
52055;1
130480;1
52413;1
54054;1
136912;1
126856;1
139506;1
146363;1
142061;1
136223;1
137237;1
56152;1
140047;1
148548;1
57871;1
139427;1
43832;1
140948;1
43765;1
149500;1
130700;1
131538;1
126822;1
137738;1
44569;1
57026;1
133262;1
138466;1
132781;1
130757;1
43916;1
129750;1
57930;1
51375;1
137680;1
53777;1
135079;1
138093;1
150108;1
126655;1
134429;1
133709;1
136027;1
138323;1
685;1
3212;1
148787;1
138294;1
149037;1
136256;1
59455;1
131866;1
56392;1
132924;1
140307;1
150053;1
134273;1
145036;1
147661;1
146468;1
44567;1
146712;1
51890;1
138446;1
52966;1
1329;1
146695;1
138154;1
137948;1
138585;1
130494;1
133930;1
148147;1
49230;1
148050;1
1546;1
43163;1
137671;1
124966;1
147258;1
144739;1
130611;1
148903;1
59350;1
46941;1
58032;1
127145;1
46178;1
96148;1
142104;1
149893;1
134147;1
142911;1
125535;1
134636;1
61451;1
136405;1
42213;1
43856;1
133481;1
51116;1
138114;1
139622;1
144712;1
103589;1
125941;1
139510;1
141754;1
145097;1
133372;1
92466;1
134867;1
134471;1
125583;1
140048;1
130368;1
126675;1
147534;1
42463;1
131570;1
142313;1
135448;1
144087;1
133662;1
60961;1
128367;1
139293;1
47391;1
144158;1
130559;1
127100;1
56529;1
139918;1
51727;1
136689;1
43340;1
142254;1
149020;1
133155;1
128633;1
1065;1
146049;1
145336;1
136387;1
139689;1
61721;1
143904;1
126361;1
135166;1
125508;1
50345;1
132051;1
134959;1
151711;1
150150;1
144550;1
142430;1
53656;1
844;1
134543;1
60142;1
106218;1
125428;1
149753;1
54665;1
50941;1
150329;1
141603;1
135378;1
145769;1
140917;1
60709;1
1272;1
143114;1
134835;1
139670;1
140030;1
135941;1
127034;1
54713;1
138601;1
145280;1
140894;1
51159;1
148942;1
55396;1
57182;1
149072;1
3083;1
126640;1
54800;1
140160;1
47382;1
141321;1
56205;1
131681;1
129559;1
132544;1
150600;1
98066;1
54159;1
53116;1
137175;1
132946;1
130367;1
136360;1
139764;1
137235;1
96368;1
751;1
142031;1
1271;1
132391;1
133172;1
57398;1
57629;1
148489;1
139235;1
131914;1
60984;1
126484;1
125891;1
151702;1
143462;1
48671;1
140055;1
129247;1
134268;1
132557;1
127888;1
126405;1
129021;1
150935;1
42274;1
147113;1
61734;1
137565;1
134897;1
140315;1
143477;1
147449;1
134565;1
56835;1
57679;1
60744;1
141197;1
125654;1
128467;1
139997;1
52564;1
134378;1
134086;1
57178;1
142605;1
54996;1
52013;1
138054;1
137862;1
91151;1
133898;1
137809;1
151733;1
133284;1
137748;1
55983;1
47435;1
142340;1
137276;1
130045;1
61753;1
134341;1
149973;1
143413;1
59392;1
134611;1
132626;1
51305;1
53185;1
148789;1
150726;1
138095;1
57323;1
133712;1
43884;1
128573;1
56540;1
55575;1
49280;1
59332;1
135138;1
150500;1
148369;1
132872;1
133562;1
126363;1
50009;1
125687;1
142338;1
131710;1
139170;1
139900;1
151748;1
59630;1
61278;1
128907;1
137505;1
125699;1
130797;1
151431;1
138932;1
136312;1
138006;1
44759;1
3172;1
43540;1
128110;1
140189;1
58002;1
138958;1
135812;1
47831;1
144681;1
148176;1
146729;1
44351;1
49086;1
131789;1
146389;1
54270;1
142614;1
132284;1
143144;1
136379;1
141674;1
126787;1
150325;1
128831;1
130145;1
145126;1
149387;1
134317;1
142135;1
143113;1
129684;1
60141;1
128461;1
47616;1
144337;1
43053;1
51966;1
47217;1
147363;1
141683;1
43899;1
146186;1
134952;1
1261;1
53852;1
56477;1
141435;1
137621;1
56594;1
132542;1
149168;1
48512;1
45259;1
135611;1
144446;1
150639;1
136009;1
42855;1
142122;1
139451;1
151489;1
142108;1
151670;1
50943;1
55811;1
150009;1
128822;1
103437;1
1069;1
125933;1
141556;1
801;1
150644;1
49614;1
137165;1
146417;1
820;1
146978;1
140846;1
140644;1
48034;1
97077;1
45803;1
126665;1
139230;1
144860;1
61160;1
149006;1
143553;1
142654;1
143120;1
147641;1
132371;1
130915;1
60757;1
128582;1
141209;1
138033;1
52896;1
3138;1
134772;1
135826;1
141035;1
145853;1
51977;1
128312;1
138297;1
124841;1
147691;1
52370;1
130821;1
134368;1
137844;1
140715;1
61521;1
55611;1
146716;1
60309;1
149121;1
127349;1
45379;1
130256;1
42749;1
136330;1
47380;1
61395;1
129706;1
43161;1
147285;1
127063;1
1085;1
130059;1
143153;1
133490;1
52568;1
44335;1
150337;1
56894;1
140814;1
134206;1
133733;1
127554;1
45463;1
134202;1
52603;1
90767;1
135139;1
46350;1
61049;1
127499;1
148906;1
146419;1
57748;1
44594;1
138196;1
56748;1
146081;1
135962;1
138851;1
60248;1
139660;1
139872;1
61623;1
139039;1
137863;1
56837;1
131966;1
145375;1
1144;1
140006;1
42911;1
139908;1
60484;1
133977;1
140437;1
50495;1
134257;1
61837;1
138024;1
53293;1
143542;1
143346;1
125601;1
140860;1
140054;1
51197;1
150090;1
136332;1
143522;1
127654;1
138965;1
134010;1
135473;1
750;1
1060;1
42431;1
133069;1
149394;1
95444;1
61151;1
56268;1
1381;1
54607;1
128904;1
125781;1
149241;1
130310;1
58044;1
138760;1
46047;1
130328;1
55538;1
137333;1
55107;1
129126;1
106752;1
141527;1
89411;1
132729;1
129786;1
137689;1
127242;1
148608;1
128077;1
127994;1
145949;1
56176;1
58675;1
126732;1
139732;1
56370;1
151779;1
144102;1
145447;1
89622;1
55542;1
2999;1
149904;1
141716;1
144312;1
45952;1
133826;1
57732;1
147656;1
52241;1
140906;1
55080;1
131390;1
51763;1
144325;1
50223;1
141795;1
148455;1
144101;1
150876;1
94435;1
49852;1
137850;1
48339;1
50832;1
143431;1
53733;1
140357;1
143213;1
141786;1
52132;1
128675;1
131878;1
55716;1
131890;1
50961;1
61581;1
130392;1
139467;1
139166;1
55880;1
148272;1
53499;1
58363;1
125612;1
140432;1
135429;1
43705;1
128835;1
60795;1
126356;1
51578;1
125939;1
51253;1
142275;1
107280;1
133612;1
56606;1
127790;1
134336;1
148951;1
130983;1
46683;1
54141;1
144151;1
150977;1
137849;1
145718;1
142710;1
136921;1
53168;1
133075;1
146039;1
47637;1
129015;1
53949;1
44200;1
55584;1
129934;1
144938;1
149562;1
43761;1
148815;1
125185;1
146765;1
141513;1
148778;1
46512;1
127656;1
132723;1
53368;1
51851;1
48355;1
56966;1
137057;1
51503;1
129050;1
136181;1
138286;1
129659;1
129526;1
44514;1
54105;1
139966;1
130855;1
45788;1
139461;1
128073;1
51943;1
136628;1
59803;1
147428;1
136493;1
53912;1
146072;1
53254;1
125798;1
128258;1
139946;1
44019;1
147644;1
1067;1
139575;1
131241;1
126270;1
54375;1
55891;1
90785;1
143157;1
150473;1
138485;1
140201;1
137912;1
136145;1
125577;1
3047;1
139298;1
132298;1
141614;1
49598;1
94558;1
142773;1
61446;1
149822;1
137097;1
141615;1
138807;1
46294;1
47665;1
146992;1
139745;1
131723;1
139418;1
142706;1
132495;1
143048;1
137055;1
124931;1
138204;1
148799;1
132088;1
124877;1
136963;1
138363;1
139019;1
44920;1
142795;1
145259;1
124922;1
130739;1
149531;1
58652;1
139142;1
141833;1
146942;1
134797;1
145300;1
137174;1
51204;1
55210;1
50822;1
133502;1
140527;1
137622;1
48238;1
142175;1
60268;1
58887;1
59674;1
129851;1
145392;1
44422;1
128519;1
59109;1
141476;1
129923;1
139746;1
147634;1
47270;1
880;1
148385;1
135362;1
137758;1
129843;1
127107;1
149502;1
131119;1
42554;1
138070;1
146102;1
108407;1
139436;1
131057;1
142895;1
138036;1
145301;1
2989;1
148765;1
141257;1
149951;1
133874;1
57704;1
125410;1
145437;1
43282;1
143892;1
47649;1
126559;1
44673;1
130934;1
129160;1
128370;1
128161;1
141477;1
151200;1
115259;1
48724;1
54829;1
143970;1
129299;1
53953;1
50278;1
126417;1
147465;1
690;1
151726;1
59218;1
46502;1
49239;1
127945;1
127692;1
53363;1
46024;1
134668;1
147714;1
62046;1
146753;1
1132;1
92900;1
42440;1
61015;1
133725;1
126345;1
91953;1
130937;1
130927;1
144296;1
712;1
127411;1
127601;1
137354;1
149837;1
132124;1
140441;1
52158;1
143007;1
54242;1
133020;1
1264;1
60970;1
149029;1
148081;1
148655;1
45497;1
142189;1
140039;1
141732;1
142816;1
119573;1
129972;1
61121;1
59094;1
140080;1
126193;1
143650;1
138333;1
129668;1
145888;1
139873;1
144010;1
94862;1
146856;1
126548;1
44118;1
145412;1
44850;1
137492;1
143823;1
150061;1
140631;1
132337;1
1447;1
140985;1
126900;1
134907;1
47998;1
42145;1
144858;1
785;1
130897;1
135326;1
50284;1
146404;1
128473;1
56335;1
150994;1
150158;1
125876;1
132282;1
141496;1
48313;1
149883;1
58875;1
133888;1
53240;1
62045;1
141347;1
151691;1
50127;1
138448;1
142617;1
135908;1
132459;1
145568;1
134315;1
43290;1
146721;1
142394;1
135806;1
132268;1
53258;1
683;1
128690;1
133765;1
46334;1
101994;1
52219;1
126507;1
61114;1
130235;1
126946;1
44415;1
129045;1
53324;1
42370;1
145698;1
55313;1
57357;1
57384;1
133598;1
55221;1
146142;1
51292;1
105497;1
46735;1
140883;1
127638;1
132526;1
140130;1
45640;1
139969;1
141350;1
144068;1
144307;1
42850;1
133738;1
54565;1
132007;1
48523;1
141855;1
139626;1
145529;1
139656;1
56780;1
132772;1
94595;1
146793;1
43397;1
876;1
45524;1
148976;1
132441;1
149493;1
135295;1
113895;1
127319;1
141931;1
53209;1
51909;1
1227;1
149626;1
138401;1
42613;1
150748;1
57702;1
129004;1
42316;1
145936;1
44469;1
135111;1
145562;1
138686;1
55128;1
138081;1
51581;1
132801;1
129365;1
51338;1
56228;1
127011;1
129912;1
50543;1
145217;1
151198;1
3187;1
144756;1
55723;1
140060;1
54686;1
131415;1
50291;1
139524;1
55825;1
130966;1
132980;1
141765;1
144878;1
49068;1
147231;1
60547;1
145127;1
150436;1
1481;1
42574;1
127168;1
132206;1
56111;1
44993;1
80984;1
47419;1
46126;1
125376;1
147457;1
134922;1
59601;1
134326;1
138424;1
95884;1
148497;1
127980;1
132450;1
57377;1
142821;1
150529;1
46299;1
56197;1
60664;1
132095;1
125689;1
135959;1
55390;1
132682;1
57749;1
127955;1
147214;1
129141;1
132156;1
61849;1
46333;1
144975;1
129428;1
45815;1
1093;1
45933;1
150677;1
48007;1
132962;1
132025;1
59556;1
45771;1
144816;1
57426;1
3157;1
58862;1
135718;1
128055;1
53903;1
51486;1
139119;1
126961;1
131657;1
134304;1
2390;1
149561;1
138535;1
140536;1
135768;1
150308;1
54033;1
138169;1
126427;1
51402;1
50376;1
